Psycho Bunny Nicotine Shot VG Base,47,PSDIYVG18
R Dainty's Premium Apple &amp; Mango 10ml-6mg,45,DAPGAM06
Dripping Range Heizen Blue Flavour MAX VG 50ml-50ml 0mg,38,DRVGHB0
R Dainty's Premium Apple &amp; Mango 10ml-3mg,34,DAPGAM03
Psycho Bunny Double Ice Nicotine Shot,32,PSDIYDICE18
Dainty's Apple &amp; Mango Flavour MAX VG 50ml-60ml 3mg inc VG Nicshot,29,DAVGAM60VG3
Dainty's Heisenberg 10ml-12mg,26,DAPGHB12
R Dainty's Premium RY4 Tobacco 10ml-6mg,25,DAPGRY06
Dainty's Blue Slush 10ml-6mg,23,DAPGBS06
Dainty's Cherry Menthol Flavour MAX VG 50ml-50ml 0mg,22,DAVGCM00
Dainty's Blue Slush 10ml-3mg,22,DAPGBS03
R Dainty's Premium RY4 Tobacco 10ml-12mg,21,DAPGRY12
Eco Vape Premium Rolling Tobacco V2 Flavour-3mg,20,PRPGRO3
Dainty's Aniseed 10ml-3mg,20,DAPGAN03
Dripping Range Killa Custard V2 Flavour 50/50-12mg,18,DRPGKI12
Dainty's Cherry Menthol Flavour MAX VG 50ml-60ml 3mg inc VG Nicshot,18,DAVGCM60VG3
Psycho Bunny Nicotine Shot PG Base,17,PSDIYPG18
R Dainty's Premium Coffee 10ml-12mg,17,DAPGCO12
Dainty's Heisenberg 10ml-18mg,16,DAPGHB18
Eco Vape Premium Gold Tobacco V2 Flavour-12mg,16,PRPGGO12
Dainty's Premium Menthol 50/50 80ML-80ml 0mg,16,DAPGMT0
Eco Vape Premium Fruit Salad V2 Flavour-12mg,16,PRPGFR12
Eco Vape Premium Fruit Salad V2 Flavour-6mg,14,PRPGFR6
Dainty's Premium Blueberry Blackcurrant Menthol 50/50 80ML-80ml 0mg,14,DAPGBBM0
Dainty's Premium Pink Lemonade 50/50 80ML-100ml 3.6mg inc VG Nicshot,14,DAPGPL10036VG
Eco Vape Premium Rolling Tobacco V2 Flavour-6mg,14,PRPGRO6
R Dainty's Premium Tutti Fruity 10ml-12mg,13,DAPGTF12
Dainty's Raspberry Sherbet 50ml-50ml 0mg,13,DAVGRS00
Dainty's Aniseed 10ml-6mg,13,DAPGAN06
R Dainty's Premium Foam Banana 10ml-3mg,13,DAPGFB03
Dainty's Blue Slush 10ml-12mg,13,DAPGBS12
Psycho Bunny Ice Nicotine Shot,12,PSDIYICE18
Dainty's Heisenberg 10ml-6mg,12,DAPGHB06
Eco Vape Premium Sweet Cherry V2 Flavour-18mg,11,PRPGSC18
Dainty's Heizenberg Flavour MAX VG 50ml-60ml 3mg inc PG Nicshot,11,DAPGHE60PG3
R Dainty's Premium Fruit Salad 10ml-6mg,11,DAPGFS06
Dainty's Jelly Babies 10ml-6mg,11,DAPGJB06
Dainty's Special Menthol 10ml-6mg,11,DAPGSM06
Dainty's Premium Pink Lemonade 50/50 80ML-80ml 0mg,11,DAPGPL0
Dainty's Special Menthol 10ml-3mg,10,DAPGSM03
R Dainty's Premium Blackcurrant Menthol-6mg,10,DAPGBM06
Dainty's Premium Red Air 50/50 80ML-100ml 3.6mg inc VG Nicshot,10,DAPGRA10036VG
Dainty's Premium Heizenberg 50/50 80ML-90ml 2mg inc VG Nicshot,10,DAPGHB902VG
R Dainty's Premium Ice Mint 10ml-12mg,10,DAPGIM12
R Dainty's Premium Tutti Fruity 10ml-3mg,10,DAPGTF03
Award Winning Eco Vape Milfsmilk V2 Flavour MAX VG 50ml-50ml 0mg,10,MILFSMILKMAXVG50ML-50ml 0mg
R Dainty's Premium Cherry Cola 10ml-3mg,10,DAPGCC03
Dainty's Bubblegum Blast 50ml-50ml 0mg,9,DAVGBB00
R Dainty's Premium Key Lime Pie 10ml-3mg,9,DAPGKP03
Dainty's Premium Red Air 50/50 80ML-80ml 0mg,9,DAPGRA0
Dainty's Premium Blueberry Blackcurrant Menthol 50/50 80ML-100ml 3.6mg inc VG Nicshot,9,DAPGBBM10036VG
R Dainty's Premium Blackcurrant 10ml-3mg,9,DAPGBL03
Dainty's Premium Grape &amp; Blackcurrant 50/50 80ML-80ml 0mg,9,DAPGGB0
Dainty's Apple 10ml-3mg,8,DAPGAP03
Dainty's Premium Ice Mint 50/50 80ML-80ml 0mg,8,DAPGIM0
Eco Vape Premium Ice Mint Flavour-12mg,8,PRPGIC12
Dainty's Premium Blueberry Blackcurrant Menthol 50/50 80ML-90ml 2mg inc PG Nicshot,8,DAPGBBM902PG
Dripping Range Blue Slush Flavour 50/50-6mg,8,DRPGBS6
Dainty's Premium Ice Mint 50/50 80ML-100ml 3.6mg inc PG Nicshot,8,DAPGIM10036PG
Dainty's Special Menthol Flavours MAX VG 50ml-50ml 0mg,8,DAVGSM00
Dripping Range Vampire Astaire Flavour 50/50-12mg,8,DRVAMPIR5050-12mg
R Dainty's Premium Banana 10ml-3mg,7,DAPGBA03
Award Winning Eco Vape Milfsmilk V2 Flavour MAX VG 50ml-60ml 3mg inc VG Nicshot,7,MILFSMILKMAXVG50ML-60ml 3mg inc VG Nicshot
R Dainty's Premium Cola 10ml-3mg,7,DAPGC03
Dainty's Premium Blueberry Blackcurrant Menthol 50/50 80ML-90ml 2mg inc VG Nicshot,7,DAPGBBM902VG
R Dainty's Premium Vanilla Ice Cream 10ml-12mg,7,DAPGVBI12
Eco Vape Milfman V2 Milkshake Flavour MAX VG 50ml-60ml 3mg inc VG Nicshot,7,MILFMANMAXVG50ML-60ml 3mg inc VG Nicshot
Dainty's Raspberry 10ml-6mg,7,DAPGRS06
R Dainty's Premium Pink Lemonade 10ml-3mg,7,DAPGPL03
Eco Vape Premium Gold Tobacco V2 Flavour-6mg,7,PRPGGO6
Eco Vape Premium Fruit Salad V2 Flavour-18mg,7,PRPGFR18
Dainty's Heizenberg Flavour MAX VG 50ml-60ml 3mg inc VG Nicshot,7,DAVGHE60VG3
Dripping Range Zombie Astaire Flavour 50/50-3mg,6,DRPGZO3
Dainty's Blueberry Pancake 50ml-50ml 0mg,6,DAVGBP00
Efest IMR 26650 4200mAh 50A Flat Top Battery,6,HWACEF26650
Dainty's Cherry Lemonade Flavour MAX VG 50ml-50ml 0mg,6,DAVGCL00
Dainty's Grapefruit 10ml-12mg,6,DAPGGF12
Dripping Range Green Slush V2 Flavour 50/50-6mg,6,DRGREENSLUSH5050-6mg
R Dainty's Premium Grape &amp; Blackcurrant 10ml-3mg,6,DAPGGB03
Dainty's Premium Red Air 50/50 80ML-90ml 2mg inc PG Nicshot,6,DAPGRA902PG
R Dainty's Premium Menthol 10ml-12mg,6,DAPGMT12
R Dainty's Premium Irish Cream 10ml-12mg,6,DAPGIC12
R Dainty's Premium Fruit Salad 10ml-12mg,5,DAPGFS12
Dainty's Premium Red Air 70/30 50ML-50ml 0mg,5,DAVGRA00
Vaptio Coils-Vaptio Coil (0.25Ω),5,HWCOVA025
Vaptio Paragon Coils-Vaptio Paragon Strip Coil (0.15Ω),5,HWCOVAPAR15
R Dainty's Premium Fruit Salad 10ml-3mg,5,DAPGFS03
R Dainty's Premium Pink Lemonade 10ml-12mg,5,DAPGPL12
Dainty's Raspberry 10ml-3mg,5,DAPGRS03
Dainty's Strawberry Cheesecake 10ml-12mg,5,DAPGSC12
Dainty's Nic Salts Pink Lemonade 10ml-6mg,5,NSDAPGPL06
Dainty's Special Menthol Flavours MAX VG 50ml-60ml 3mg inc PG Nicshot,5,DAPGSM60PG3
Dainty's Fresh Orange 10ml-6mg,5,DAPGFO06
Dripping Range Blueberg Flavour 50/50-3mg,5,DRBLUEBERG5050-3mg
Dainty's Cherry Lemonade Flavour MAX VG 50ml-60ml 3mg inc VG Nicshot,5,DAVGCL60VG3
R Dainty's Premium Orange 10ml-3mg,5,DAPGOR03
Dainty's Heisenberg 10ml-3mg,5,DAPGHB03
Dripping Range Vampire Astaire Flavour MAX VG 50ml-60ml 3mg inc PG Nicshot,5,DRVGVAPG3
R Dainty's Premium Orange 10ml-12mg,4,DAPGOR12
Dainty's Banana Cake Flavour MAX VG 50ml-60ml 3mg inc VG Nicshot,4,DAVGBC60VG3
Samsung  30Q INR18650 3000mAh Battery,4,HWACSAM30Q
Eco Vape Banana Milkshake V2 Flavour MAX VG 50ml-50ml 0mg,4,BANMILKV2MAXVG50ML-50ml 0mg
Eco Vape Premium Tutti Fruity V2 Flavour-18mg,4,PRPGTU18
Dainty's Cookie 10ml-3mg,4,DAPGCK03
Rincoe Ceto Replacement Pod-Pod system,4,HWTARICE1
R Dainty's Premium Blackcurrant Menthol-3mg,4,DAPGBM03
R Dainty's Premium Pink Lemonade 10ml-6mg,4,DAPGPL06
Eco Vape Premium Blackcurrant V2 Flavour-3mg,4,PRPGBL3
R Dainty's Premium Blueberry 10ml-12mg,4,DAPGBB12
Dainty's Premium Heizenberg 50/50 80ML-100ml 3.6mg inc PG Nicshot,4,DAPGHB10036PG
Dainty's Premium Blueberry Blackcurrant Menthol 50/50 80ML-100ml 3.6mg inc PG Nicshot,4,DAPGBBM10036PG
Dainty's Jelly Babies 10ml-3mg,4,DAPGJB03
Eco Vape Premium Strawberry &amp; Watermelon V2 Flavour-18mg,4,PRPGSW18
R Dainty's Premium Strawberry 10ml-6mg,4,DAPGST06
Dainty's Black Jack 10ml-6mg,4,DAPGBJ06
Dainty's Blue Slush 10ml-18mg,3,DAPGBS18
Dainty's Apple 10ml-12mg,3,DAPGAP12
R Dainty's Premium Cherry Cola 10ml-12mg,3,DAPGCC12
Dainty's Vanilla Cream Tobacco 50ml-50ml 0mg,3,DAVGVCT00
Dainty's Premium Vanilla Ice Cream 50/50 80ML-80ml 0mg,3,DAPGVBI0
Dainty's Premium Pink Lemonade 50/50 80ML-90ml 2mg inc VG Nicshot,3,DAPGPL902VG
Dainty's Lemon Cola Flavour MAX VG 50ml-50ml 0mg,3,DAVGLC00
R Dainty's Premium Ice Mint 10ml-3mg,3,DAPGIM03
Eco Vape Premium Pink Lemonade V2 Flavour-18mg,3,PRPGPI18
Dainty's Premium Vanilla Ice Cream 50/50 80ML-90ml 2mg inc VG Nicshot,3,DAPGVBI902VG
R Dainty's Premium Vanilla Ice Cream 10ml-6mg,3,DAPGVBI06
R Dainty's Premium Strawberry 10ml-3mg,3,DAPGST03
Dripping Range Blue Slush MAX VG 50ml-50ml 0mg,3,DRBLUESLUSH50MAXVG-50ml 0mg
Award Winning Eco Vape Milfsmilk V2 Flavour MAX VG 50ml-60ml 3mg inc PG Nicshot,3,MILFSMILKMAXVG50ML-60ml 3mg inc PG Nicshot
Eco Vape Premium Apple &amp; Mango V2 Flavour-3mg,3,PRPGAP3
Eco Vape Premium Spearmint V2 Flavour-18mg,3,PRPGSP18
Dainty's Premium Menthol 50/50 80ML-100ml 3.6mg inc VG Nicshot,3,DAPGMT10036VG
Eco Vape Premium Blackcurrant Menthol V2 Flavour-6mg,3,PRPGBM6
R Dainty's Premium Peppermint 10ml-6mg,3,DAPGPM06
Dainty's Premium Foam Banana 50/50 80ML-80ml 0mg,3,DAPGFB0
R Dainty's Premium Peppermint 10ml-3mg,3,DAPGPM03
R Dainty's Premium Coffee 10ml-3mg,3,DAPGCO03
R Dainty's Premium Cola 10ml-6mg,3,DAPGC06
Dainty's Premium RY4 Caramel Vanilla Tobacco 50/50 80ML-80ml 0mg,3,DAPGRY0
R Dainty's Premium Melon 10ml-12mg,3,DAPGME12
Dainty's Premium RY4 Caramel Vanilla Tobacco 50/50 80ML-100ml 3.6mg inc VG Nicshot,3,DAPGRY10036VG
Dainty's Premium Heizenberg 50/50 80ML-100ml 3.6mg inc VG Nicshot,3,DAPGHB10036VG
Dainty's Premium Pink Lemonade 50/50 80ML-110ml 4.9mg inc PG Nicshot,3,DAPGPL11049PG
Dainty's Apple &amp; Mango Flavour MAX VG 50ml-50ml 0mg,3,DAVGAM00
R Dainty's Premium Banana 10ml-12mg,3,DAPGBA12
Dainty's Premium Heizenberg 50/50 80ML-110ml 4.9mg inc VG Nicshot,3,DAPGHB11049VG
Dainty's Strawberry Cheesecake Flavour MAX VG 50ml-60ml 3mg inc PG Nicshot,2,DAVGSC60PG3
Dainty's Strawberry Cheesecake 10ml-6mg,2,DAPGSC06
Dainty's Apple &amp; Mango Flavour MAX VG 50ml-60ml 3mg inc PG Nicshot,2,DAPGAM60PG3
Eco Vape Premium Rhubarb &amp; Custard Flavour-12mg,2,PRPGRH12
R Dainty's Premium Grape &amp; Blackcurrant 10ml-6mg,2,DAPGGB06
Award Winning Eco Vape Strawberry Milkshake V2 Flavour MAX VG 50ml-60ml 3mg inc VG Nicshot,2,EVSTRAWMILKMAXVG50ML-60ml 3mg inc VG Nicshot
Psycho Bunny Twister 50ml -60ml 3mg inc VG Nicshot,2,PSVGTW3VG
R Dainty's Premium Irish Cream 10ml-3mg,2,DAPGIC03
Dainty's Jelly Babies 10ml-12mg,2,DAPGJB12
Dainty's Blueberry Blackcurrant Menthol Flavour MAX VG 50ml-60ml 3mg inc PG Nicshot,2,DAPGBBM60PG3
Dripping Range Red Stars Flavour MAX VG 50ml-60ml 3mg inc PG Nicshot,2,DRVGRSPG3
Dainty's Apple Pie Flavours MAX VG 50ml-60ml 3mg inc PG Nicshot,2,DAPGAP60PG3
Dripping Range Blue Slush MAX VG 50ml-60ml 3mg inc PG Nicshot,2,DRBLUESLUSH50MAXVG-60ml 3mg inc PG Nicshot
Dainty's Premium Grape &amp; Blackcurrant 50/50 80ML-100ml 3.6mg inc VG Nicshot,2,DAPGGB10036VG
Dainty's Apple Pie Flavours MAX VG 50ml-60ml 3mg inc VG Nicshot,2,DAVGAP60VG3
Dainty's Strawberry Cheesecake Flavour MAX VG 50ml-50ml 0mg,2,DAVGSC00
Psycho Bunny Blue Retro Flavour MAX VG 50ML -60ml 3mg inc VG Nicshot,2,PSVGBL3VG
Dainty's Premium Menthol 50/50 80ML-90ml 2mg inc VG Nicshot,2,DAPGMT902VG
Dainty's Heizenberg Flavour MAX VG 50ml-50ml 0mg,2,DAVGHE00
Dainty's Blueberry Blackcurrant Menthol Flavour MAX VG 50ml-50ml 0mg,2,DAVGBBM00
Psycho Bunny Melonade Flavour MAX VG 50ML-60ml 3mg inc PG Nicshot,2,PSVGME3PG
Psycho Bunny Kush Cake Flavour MAX VG 50ML -50ml 0mg,2,PSVGKC0
Eco Vape Banana Milkshake V2 Flavour MAX VG 50ml-60ml 3mg inc VG Nicshot,2,BANMILKV2MAXVG50ML-60ml 3mg inc VG Nicshot
Dainty's Premium Red Air 50/50 80ML-110ml 4.9mg inc VG Nicshot,2,DAPGRA11049VG
Dripping Range Blue Slush MAX VG 50ml-60ml 3mg inc VG Nicshot,2,DRBLUESLUSH50MAXVG-60ml 3mg inc VG Nicshot
Dainty's Black Jack 10ml-18mg,2,DAPGBJ18
Dainty's Premium RY4 Caramel Vanilla Tobacco 50/50 80ML-90ml 2mg inc PG Nicshot,2,DAPGRY902PG
Dainty's Bubblegum 10ml-12mg,2,DAPGBU12
Dainty's Premium Red Air 50/50 80ML-100ml 3.6mg inc PG Nicshot,2,DAPGRA10036PG
Dainty's Apple 10ml-6mg,2,DAPGAP06
Dainty's Cola Cube 10ml-6mg,2,DAPGCU06
R Dainty's Premium Ice Mint 10ml-6mg,2,DAPGIM06
R Dainty's Premium Fruit Salad 10ml-18mg,2,DAPGFS18
Dainty's Nic Salts Tobacco 10ml-6mg,2,NSDAPGTO06
Eco Vape Milfman V2 Milkshake Flavour MAX VG 50ml-60ml 3mg inc PG Nicshot,2,MILFMANMAXVG50ML-60ml 3mg inc PG Nicshot
Dripping Range Vampire Astaire Flavour MAX VG 50ml-50ml 0mg,2,DRVGVA0
Dainty's Special Menthol 10ml-0mg,2,DAPGSM00
Dainty's Apple Pie Flavours MAX VG 50ml-50ml 0mg,2,DAVGAPG00
Dainty's Apple 10ml-18mg,2,DAPGAP18
Dainty's Fresh Orange 10ml-3mg,2,DAPGFO03
Psycho Bunny Prism Flavour MAX VG 50ML-60ml 3mg inc VG Nicshot,2,PSVGPR3VG
Eco Vape Premium Forest Fruits V2 Flavour-6mg,2,PRPGFO6
Psycho Bunny Twister 50ml -60ml 3mg inc PG Nicshot,2,PSVGTW3PG
Dainty's Raspberry 10ml-12mg,2,DAPGRS12
Psycho Bunny Blue Retro Flavour MAX VG 50ML -50ml 0mg,2,PSVGBL0
Dainty's Cherry Menthol Flavour MAX VG 50ml-60ml 3mg inc PG Nicshot,2,DAPGCM60PG3
Aspire Zelos 50W 2.0 Kit-Blue,2,HWKIASZEBLU2
Dripping Range Unicorn Blood Flavour 50/50-6mg,2,DRUNICORN5050-6mg
Dainty's Special Menthol Flavours MAX VG 50ml-60ml 3mg inc VG Nicshot,1,DAVGSM60VG3
Psycho Bunny Custard Appeal Flavour MAX VG 50ML-60ml 3mg inc PG Nicshot,1,PSVGCU3PG
R Dainty's Premium Grape &amp; Blackcurrant 10ml-18mg,1,DAPGGB18
Dripping Range Blackcurrant Lime Soda MAX VG 50ml-50ml 0mg,1,DRVGBLS0
Dainty's Premium Ice Mint 50/50 80ML-90ml 2mg inc VG Nicshot,1,DAPGIM902VG
Dainty's Premium Foam Banana 50/50 80ML-100ml 3.6mg inc VG Nicshot,1,DAPGFB10036VG
Dripping Range Pinkberg Flavour 50/50-3mg,1,DRPINKBERG5050-3mg
R Dainty's Premium Strawberry 10ml-0mg,1,DAPGST00
R Dainty's Premium Blueberry 10ml-3mg,1,DAPGBB03
R Dainty's Premium Orange 10ml-6mg,1,DAPGOR06
R Dainty's Premium Iron Brew 10ml-6mg,1,DAPGIB06
Psycho Bunny O.J Flavour MAX VG 50ML -60ml 3mg inc VG Nicshot,1,PSVGOJ3VG
Dainty's Nic Salts Blueberry and Blackcurrant Menthol 10ml-12mg,1,NSDAPGBBM12
Psycho Bunny Serial Flavour MAX VG 50ML -50ml 0mg,1,PSVGCE0
Eco Vape Premium Menthol Flavour-12mg,1,PRPGMT12
R Dainty's Premium Cherry Cola 10ml-18mg,1,DAPGCC18
Dripping Range Unicorn Blood Flavour 50/50-12mg,1,DRUNICORN5050-12mg
Vaptio Paragon C2 Kit-purple,1,HWVAPAPUR
Aspire Zelos 50W 2.0 Kit-Grey,1,HWKIASZEGRY2
Dainty's Raspberry 10ml-0mg,1,DAPGRS00
Dainty's Black Jack 10ml-3mg,1,DAPGBJ03
R Dainty's Premium Pineapple 10ml-12mg,1,DAPGPI12
Dainty's Strawberry Cheesecake Flavour MAX VG 50ml-60ml 3mg inc VG Nicshot,1,DAVGSC60VG3
Eco Vape Premium Tutti Fruity V2 Flavour-12mg,1,PRPGTU12
Rincoe Ceto-Rainbow,1,HWKIRICERNW
Dripping Range Strawberry Mix Up Flavour MAX VG 50ml-60ml 3mg inc VG Nicshot,1,DRVGSMVG3
Dainty's Special Menthol 10ml-12mg,1,DAPGSM12
Dainty's Premium Menthol 50/50 80ML-110ml 4.9mg inc VG Nicshot,1,DAPGMT11049VG
Eco Vape Premium Spearmint V2 Flavour-6mg,1,PRPGSP6
R Dainty's Premium Mint Chocolate 10ml-12mg,1,DAPGMC12
R Dainty's Premium Tutti Fruity 10ml-18mg,1,DAPGTF18
R Dainty's Premium Key Lime Pie 10ml-6mg,1,DAPGKP06
Vaptio P2 Starter Kit -White,1,P11KIT-White
Dainty's Blueberry Blackcurrant Menthol Flavour MAX VG 50ml-60ml 3mg inc VG Nicshot,1,DAVGBBM60VG3
R Dainty's Premium Pineapple 10ml-6mg,1,DAPGPI06
Canna Cotton,1,HWDIYCANACOT
Eco Vape Milfman V2 Milkshake Flavour MAX VG 50ml-50ml 0mg,1,MILFMANMAXVG50ML-50ml 0mg
Psycho Bunny Grapegasm Flavour MAX VG 50ML -50ml 0mg,1,PSVGGR0
R Dainty's Premium RY4 Tobacco 10ml-0mg,1,DAPGRY00
Druga Foxy Mod Gunmetal,1,HWMODRFOGU
R Dainty's Premium Cherry Cola 10ml-6mg,1,DAPGCC06
Dainty's Bubblegum 10ml-6mg,1,DAPGBU06
Dainty's Premium Blueberry Blackcurrant Menthol 50/50 80ML-110ml 4.9mg inc VG Nicshot,1,DAPGBBM11049VG
Dainty's Nic Salts Ice Mint 10ml-12mg,1,NSDAPGIM12
Dainty's Premium Menthol 50/50 80ML-100ml 3.6mg inc PG Nicshot,1,DAPGMT10036PG
Dripping Range Blueberg Flavour 50/50-6mg,1,DRBLUEBERG5050-6mg
Dripping Range Blueberg MAX VG 50ml-60ml 3mg inc VG Nicshot,1,DRPGBL60PG3
Dainty's Black Jack 10ml-12mg,1,DAPGBJ12
Psycho Bunny Melonade Flavour MAX VG 50ML-60ml 3mg inc VG Nicshot,1,PSVGME3VG
Dainty's Raspberry 10ml-18mg,1,DAPGRS18
Psycho Bunny Custard Appeal Flavour MAX VG 50ML-60ml 3mg inc VG Nicshot,1,PSVGCU3VG
Dainty's Cola Cube 10ml-12mg,1,DAPGCU12
Eco Vape Premium Forest Fruits V2 Flavour-3mg,1,PRPGFO3
Dainty's Premium RY4 Caramel Vanilla Tobacco 50/50 80ML-110ml 4.9mg inc VG Nicshot,1,DAPGRY11049VG
R Dainty's Premium Cola 10ml-0mg,1,DAPGC00
R Dainty's Premium Vanilla Ice Cream 10ml-3mg,1,DAPGVBI03
R Dainty's Premium Tutti Fruity 10ml-6mg,1,DAPGTF06
Dainty's Nic Salts Special Menthol 10ml-12mg,1,NSDAPGSM12
Suorin Air Complete Starter Kit-Gold,1,HWKISUAIRGLD
Dripping Range Strawberry Mix Up Flavour MAX VG 50ml-60ml 3mg inc PG Nicshot,1,DRVGSMPG3
Dainty's Cookie 10ml-18mg,1,DAPGCK18
Dripping Range Dragon Blood Flavour 50/50-12mg,1,DRDRAGBLOOD5050-12mg
R Dainty's Premium Red Air 10ml-18mg,1,DAPGRA18
R Dainty's Premium Peppermint 10ml-0mg,1,DAPGPM00
R Dainty's Premium Coffee 10ml-18mg,1,DAPGCO18
Dainty's Premium Foam Banana 50/50 80ML-90ml 2mg inc PG Nicshot,1,DAPGFB902PG
Dainty's Premium Heizenberg 50/50 80ML-90ml 2mg inc PG Nicshot,1,DAPGHB902PG
Eco Vape Premium Candyfloss V2 Flavour-6mg,1,PRPGCF6
Famovape Fat Baby Mesh Coils-Famovape Fat Baby Mesh M15 Coils (0.15Ω),1,HWCOFVFBM15
Dripping Range Pinkberg Flavour 50/50-6mg,1,DRPINKBERG5050-6mg
Dainty's Premium Ice Mint 50/50 80ML-110ml 4.9mg inc VG Nicshot,1,DAPGIM11049VG
Dripping Range Blue Custard MAX VG 50ml-60ml 3mg inc VG Nicshot,1,DRVGBC60VG3
Eco Vape Banana Milkshake V2 Flavour MAX VG 50ml-60ml 3mg inc PG Nicshot,1,BANMILKV2MAXVG50ML-60ml 3mg inc PG Nicshot
Vaptio Solo F2 Coil-Vaptio Solo (Pack of 5) F2 X2 Coil (0.25Ω),1,HWCOVAF2X2
R Dainty's Premium Apple &amp; Mango 10ml-0mg,1,DAPGAM00
Dainty's Premium Grape &amp; Blackcurrant 50/50 80ML-90ml 2mg inc VG Nicshot,1,DAPGGB902VG
R Dainty's Premium Blackcurrant 10ml-6mg,1,DAPGBL06
Dainty's Nic Salts RY4 10ml-12mg,1,NSDAPGRY12
Vapor Storm Puma Mod-Black,1,HWMOVSPUPB
Eco Vape Premium Ice Mint Flavour-6mg,1,PRPGIC6
R Dainty's Premium Blueberry 10ml-18mg,1,DAPGBB18
Eco Vape Premium Candyfloss V2 Flavour-12mg,1,PRPGCF12
R Dainty's Premium Grape &amp; Blackcurrant 10ml-12mg,1,DAPGGB12
Eco Vape Premium Strawberry &amp; Watermelon V2 Flavour-3mg,1,PRPGSW3
R Dainty's Premium Melon 10ml-0mg,1,DAPGME00
Eco Vape Premium Rhubarb &amp; Custard Flavour-6mg,1,PRPGRH6
Dripping Range Rainbow Sherbert Ice Cream MAX VG 50ml-60ml 3mg inc VG Nicshot,1,DRVGRSVG03
Dainty's Banana Cake Flavour MAX VG 50ml-50ml 0mg,1,DAVGBC00
Dainty's Strawberry Cheesecake 10ml-18mg,1,DAPGSC18
R Dainty's Premium Apple Pie 10ml-6mg,1,DAPGAPI06
VooPoo Drag 2 177w Kit-Aura,1,HWKIVODR2AU
Dainty's Heisenberg 10ml-0mg,1,DAPGHB00
Dainty's Grapefruit 10ml-0mg,1,DAPGGF00
Dainty's Fresh Orange 10ml-18mg,1,DAPGFO18
R Dainty's Premium Tutti Fruity 10ml-0mg,1,DAPGTF00
R Dainty's Premium Cherry 10ml-6mg,1,DAPGCH06
Vaptio Frogman Coils (PACK OF 5)-W8 (0.15Ω),1,HWCOVAFR2
Dainty's Premium Grape &amp; Blackcurrant 50/50 80ML-100ml 3.6mg inc PG Nicshot,1,DAPGGB10036PG
Dainty's Banana Cake Flavour MAX VG 50ml-60ml 3mg inc PG Nicshot,1,DAPGBC60PG3
Vaptio Solo 2 Starter Kit-Silver,1,SOLO2KIT-Silver
Vaptio Solo F2 AIO-Grey,1,HWKIVAF2GRY
Dainty's Premium Grape &amp; Blackcurrant 50/50 80ML-110ml 4.9mg inc PG Nicshot,1,DAPGGB11049PG
Dripping Range Blueberg MAX VG 50ml-60ml 3mg inc PG Nicshot,1,DRVGBL0
