Psycho Bunny Nicotine Shot VG Base,18mg,PSDIYVG18,47
R Dainty's Premium Apple & Mango 10ml-6mg,6mg,DAPGAM06,45
Dripping Range Heizen Blue Flavour MAX VG 50ml-50ml 0mg,0mg,DRVGHB0,38
R Dainty's Premium Apple & Mango 10ml-3mg,3mg,DAPGAM03,34
Psycho Bunny Double Ice Nicotine Shot,18mg,PSDIYDICE18,32
Dainty's Apple & Mango Flavour MAX VG 50ml-60ml 3mg inc VG Nicshot,0mg,DAVGAM60VG3,29
Dainty's Heisenberg 10ml-12mg,12mg,DAPGHB12,26
R Dainty's Premium RY4 Tobacco 10ml-6mg,6mg,DAPGRY06,25
Dainty's Blue Slush 10ml-6mg,6mg,DAPGBS06,23
Dainty's Blue Slush 10ml-3mg,3mg,DAPGBS03,22
Dainty's Cherry Menthol Flavour MAX VG 50ml-50ml 0mg,0mg,DAVGCM00,22
R Dainty's Premium RY4 Tobacco 10ml-12mg,12mg,DAPGRY12,21
Dainty's Aniseed 10ml-3mg,3mg,DAPGAN03,20
Eco Vape Premium Rolling Tobacco V2 Flavour-3mg,3mg,PRPGRO3,20
Dainty's Cherry Menthol Flavour MAX VG 50ml-60ml 3mg inc VG Nicshot,0mg,DAVGCM60VG3,18
Dripping Range Killa Custard V2 Flavour 50/50-12mg,12mg,DRPGKI12,18
R Dainty's Premium Coffee 10ml-12mg,12mg,DAPGCO12,17
Psycho Bunny Nicotine Shot PG Base,18mg,PSDIYPG18,17
Dainty's Heisenberg 10ml-18mg,18mg,DAPGHB18,16
Dainty's Premium Menthol 50/50 80ML-80ml 0mg,0mg,DAPGMT0,16
Eco Vape Premium Fruit Salad V2 Flavour-12mg,12mg,PRPGFR12,16
Eco Vape Premium Gold Tobacco V2 Flavour-12mg,12mg,PRPGGO12,16
Dainty's Premium Blueberry Blackcurrant Menthol 50/50 80ML-80ml 0mg,0mg,DAPGBBM0,14
Dainty's Premium Pink Lemonade 50/50 80ML-100ml 3.6mg inc VG Nicshot,0mg,DAPGPL10036VG,14
Eco Vape Premium Fruit Salad V2 Flavour-6mg,6mg,PRPGFR6,14
Eco Vape Premium Rolling Tobacco V2 Flavour-6mg,6mg,PRPGRO6,14
Dainty's Aniseed 10ml-6mg,6mg,DAPGAN06,13
Dainty's Blue Slush 10ml-12mg,12mg,DAPGBS12,13
R Dainty's Premium Foam Banana 10ml-3mg,3mg,DAPGFB03,13
R Dainty's Premium Tutti Fruity 10ml-12mg,12mg,DAPGTF12,13
Dainty's Raspberry Sherbet 50ml-50ml 0mg,0mg,DAVGRS00,13
Dainty's Heisenberg 10ml-6mg,6mg,DAPGHB06,12
Psycho Bunny Ice Nicotine Shot,18mg,PSDIYICE18,12
R Dainty's Premium Fruit Salad 10ml-6mg,6mg,DAPGFS06,11
Dainty's Heizenberg Flavour MAX VG 50ml-60ml 3mg inc PG Nicshot,0mg,DAPGHE60PG3,11
Dainty's Jelly Babies 10ml-6mg,6mg,DAPGJB06,11
Dainty's Premium Pink Lemonade 50/50 80ML-80ml 0mg,0mg,DAPGPL0,11
Dainty's Special Menthol 10ml-6mg,6mg,DAPGSM06,11
Eco Vape Premium Sweet Cherry V2 Flavour-18mg,18mg,PRPGSC18,11
R Dainty's Premium Blackcurrant Menthol-6mg,6mg,DAPGBM06,10
R Dainty's Premium Cherry Cola 10ml-3mg,3mg,DAPGCC03,10
Dainty's Premium Heizenberg 50/50 80ML-90ml 2mg inc VG Nicshot,0mg,DAPGHB902VG,10
R Dainty's Premium Ice Mint 10ml-12mg,12mg,DAPGIM12,10
Dainty's Premium Red Air 50/50 80ML-100ml 3.6mg inc VG Nicshot,0mg,DAPGRA10036VG,10
Dainty's Special Menthol 10ml-3mg,3mg,DAPGSM03,10
R Dainty's Premium Tutti Fruity 10ml-3mg,3mg,DAPGTF03,10
Award Winning Eco Vape Milfsmilk V2 Flavour MAX VG 50ml-50ml 0mg,0mg,MILFSMILKMAXVG50ML-50ml 0mg,10
Dainty's Premium Blueberry Blackcurrant Menthol 50/50 80ML-100ml 3.6mg inc VG Nicshot,0mg,DAPGBBM10036VG,9
R Dainty's Premium Blackcurrant 10ml-3mg,3mg,DAPGBL03,9
Dainty's Premium Grape & Blackcurrant 50/50 80ML-80ml 0mg,0mg,DAPGGB0,9
R Dainty's Premium Key Lime Pie 10ml-3mg,3mg,DAPGKP03,9
Dainty's Premium Red Air 50/50 80ML-80ml 0mg,0mg,DAPGRA0,9
Dainty's Bubblegum Blast 50ml-50ml 0mg,0mg,DAVGBB00,9
Dainty's Apple 10ml-3mg,3mg,DAPGAP03,8
Dainty's Premium Blueberry Blackcurrant Menthol 50/50 80ML-90ml 2mg inc PG Nicshot,0mg,DAPGBBM902PG,8
Dainty's Premium Ice Mint 50/50 80ML-80ml 0mg,0mg,DAPGIM0,8
Dainty's Premium Ice Mint 50/50 80ML-100ml 3.6mg inc PG Nicshot,0mg,DAPGIM10036PG,8
Dainty's Special Menthol Flavours MAX VG 50ml-50ml 0mg,0mg,DAVGSM00,8
Dripping Range Blue Slush Flavour 50/50-6mg,6mg,DRPGBS6,8
Dripping Range Vampire Astaire Flavour 50/50-12mg,12mg,DRVAMPIR5050-12mg,8
Eco Vape Premium Ice Mint Flavour-12mg,12mg,PRPGIC12,8
R Dainty's Premium Banana 10ml-3mg,3mg,DAPGBA03,7
Dainty's Premium Blueberry Blackcurrant Menthol 50/50 80ML-90ml 2mg inc VG Nicshot,0mg,DAPGBBM902VG,7
R Dainty's Premium Cola 10ml-3mg,3mg,DAPGC03,7
R Dainty's Premium Pink Lemonade 10ml-3mg,3mg,DAPGPL03,7
Dainty's Raspberry 10ml-6mg,6mg,DAPGRS06,7
R Dainty's Premium Vanilla Ice Cream 10ml-12mg,12mg,DAPGVBI12,7
Dainty's Heizenberg Flavour MAX VG 50ml-60ml 3mg inc VG Nicshot,0mg,DAVGHE60VG3,7
Eco Vape Milfman V2 Milkshake Flavour MAX VG 50ml-60ml 3mg inc VG Nicshot,0mg,MILFMANMAXVG50ML-60ml 3mg inc VG Nicshot,7
Award Winning Eco Vape Milfsmilk V2 Flavour MAX VG 50ml-60ml 3mg inc VG Nicshot,0mg,MILFSMILKMAXVG50ML-60ml 3mg inc VG Nicshot,7
Eco Vape Premium Fruit Salad V2 Flavour-18mg,18mg,PRPGFR18,7
Eco Vape Premium Gold Tobacco V2 Flavour-6mg,6mg,PRPGGO6,7
R Dainty's Premium Grape & Blackcurrant 10ml-3mg,3mg,DAPGGB03,6
Dainty's Grapefruit 10ml-12mg,12mg,DAPGGF12,6
R Dainty's Premium Irish Cream 10ml-12mg,12mg,DAPGIC12,6
R Dainty's Premium Menthol 10ml-12mg,12mg,DAPGMT12,6
Dainty's Premium Red Air 50/50 80ML-90ml 2mg inc PG Nicshot,0mg,DAPGRA902PG,6
Dainty's Blueberry Pancake 50ml-50ml 0mg,0mg,DAVGBP00,6
Dainty's Cherry Lemonade Flavour MAX VG 50ml-50ml 0mg,0mg,DAVGCL00,6
Dripping Range Green Slush V2 Flavour 50/50-6mg,6mg,DRGREENSLUSH5050-6mg,6
Dripping Range Zombie Astaire Flavour 50/50-3mg,3mg,DRPGZO3,6
Efest IMR 26650 4200mAh 50A Flat Top Battery,,HWACEF26650,6
Dainty's Fresh Orange 10ml-6mg,6mg,DAPGFO06,5
R Dainty's Premium Fruit Salad 10ml-3mg,3mg,DAPGFS03,5
R Dainty's Premium Fruit Salad 10ml-12mg,12mg,DAPGFS12,5
Dainty's Heisenberg 10ml-3mg,3mg,DAPGHB03,5
R Dainty's Premium Orange 10ml-3mg,3mg,DAPGOR03,5
R Dainty's Premium Pink Lemonade 10ml-12mg,12mg,DAPGPL12,5
Dainty's Raspberry 10ml-3mg,3mg,DAPGRS03,5
Dainty's Strawberry Cheesecake 10ml-12mg,12mg,DAPGSC12,5
Dainty's Special Menthol Flavours MAX VG 50ml-60ml 3mg inc PG Nicshot,0mg,DAPGSM60PG3,5
Dainty's Cherry Lemonade Flavour MAX VG 50ml-60ml 3mg inc VG Nicshot,0mg,DAVGCL60VG3,5
Dainty's Premium Red Air 70/30 50ML-50ml 0mg,0mg,DAVGRA00,5
Dripping Range Blueberg Flavour 50/50-3mg,3mg,DRBLUEBERG5050-3mg,5
Dripping Range Vampire Astaire Flavour MAX VG 50ml-60ml 3mg inc PG Nicshot,0mg,DRVGVAPG3,5
Vaptio Coils-Vaptio Coil (0.25Ω),0mg,HWCOVA025,5
Vaptio Paragon Coils-Vaptio Paragon Strip Coil (0.15Ω),0mg,HWCOVAPAR15,5
Dainty's Nic Salts Pink Lemonade 10ml-6mg,6mg,NSDAPGPL06,5
Eco Vape Banana Milkshake V2 Flavour MAX VG 50ml-50ml 0mg,0mg,BANMILKV2MAXVG50ML-50ml 0mg,4
R Dainty's Premium Blueberry 10ml-12mg,12mg,DAPGBB12,4
Dainty's Premium Blueberry Blackcurrant Menthol 50/50 80ML-100ml 3.6mg inc PG Nicshot,0mg,DAPGBBM10036PG,4
Dainty's Black Jack 10ml-6mg,6mg,DAPGBJ06,4
R Dainty's Premium Blackcurrant Menthol-3mg,3mg,DAPGBM03,4
Dainty's Cookie 10ml-3mg,3mg,DAPGCK03,4
Dainty's Premium Heizenberg 50/50 80ML-100ml 3.6mg inc PG Nicshot,0mg,DAPGHB10036PG,4
Dainty's Jelly Babies 10ml-3mg,3mg,DAPGJB03,4
R Dainty's Premium Orange 10ml-12mg,12mg,DAPGOR12,4
R Dainty's Premium Pink Lemonade 10ml-6mg,6mg,DAPGPL06,4
R Dainty's Premium Strawberry 10ml-6mg,6mg,DAPGST06,4
Dainty's Banana Cake Flavour MAX VG 50ml-60ml 3mg inc VG Nicshot,0mg,DAVGBC60VG3,4
Samsung  30Q INR18650 3000mAh Battery,,HWACSAM30Q,4
Rincoe Ceto Replacement Pod-Pod system,0mg,HWTARICE1,4
Eco Vape Premium Blackcurrant V2 Flavour-3mg,3mg,PRPGBL3,4
Eco Vape Premium Strawberry & Watermelon V2 Flavour-18mg,18mg,PRPGSW18,4
Eco Vape Premium Tutti Fruity V2 Flavour-18mg,18mg,PRPGTU18,4
Dainty's Apple 10ml-12mg,12mg,DAPGAP12,3
R Dainty's Premium Banana 10ml-12mg,12mg,DAPGBA12,3
Dainty's Blue Slush 10ml-18mg,18mg,DAPGBS18,3
R Dainty's Premium Cola 10ml-6mg,6mg,DAPGC06,3
R Dainty's Premium Cherry Cola 10ml-12mg,12mg,DAPGCC12,3
R Dainty's Premium Coffee 10ml-3mg,3mg,DAPGCO03,3
Dainty's Premium Foam Banana 50/50 80ML-80ml 0mg,0mg,DAPGFB0,3
Dainty's Premium Heizenberg 50/50 80ML-100ml 3.6mg inc VG Nicshot,0mg,DAPGHB10036VG,3
Dainty's Premium Heizenberg 50/50 80ML-110ml 4.9mg inc VG Nicshot,0mg,DAPGHB11049VG,3
R Dainty's Premium Ice Mint 10ml-3mg,3mg,DAPGIM03,3
R Dainty's Premium Melon 10ml-12mg,12mg,DAPGME12,3
Dainty's Premium Menthol 50/50 80ML-100ml 3.6mg inc VG Nicshot,0mg,DAPGMT10036VG,3
Dainty's Premium Pink Lemonade 50/50 80ML-110ml 4.9mg inc PG Nicshot,0mg,DAPGPL11049PG,3
Dainty's Premium Pink Lemonade 50/50 80ML-90ml 2mg inc VG Nicshot,0mg,DAPGPL902VG,3
R Dainty's Premium Peppermint 10ml-3mg,3mg,DAPGPM03,3
R Dainty's Premium Peppermint 10ml-6mg,6mg,DAPGPM06,3
Dainty's Premium RY4 Caramel Vanilla Tobacco 50/50 80ML-80ml 0mg,0mg,DAPGRY0,3
Dainty's Premium RY4 Caramel Vanilla Tobacco 50/50 80ML-100ml 3.6mg inc VG Nicshot,0mg,DAPGRY10036VG,3
R Dainty's Premium Strawberry 10ml-3mg,3mg,DAPGST03,3
Dainty's Premium Vanilla Ice Cream 50/50 80ML-80ml 0mg,0mg,DAPGVBI0,3
R Dainty's Premium Vanilla Ice Cream 10ml-6mg,6mg,DAPGVBI06,3
Dainty's Premium Vanilla Ice Cream 50/50 80ML-90ml 2mg inc VG Nicshot,0mg,DAPGVBI902VG,3
Dainty's Apple & Mango Flavour MAX VG 50ml-50ml 0mg,0mg,DAVGAM00,3
Dainty's Lemon Cola Flavour MAX VG 50ml-50ml 0mg,0mg,DAVGLC00,3
Dainty's Vanilla Cream Tobacco 50ml-50ml 0mg,0mg,DAVGVCT00,3
Dripping Range Blue Slush MAX VG 50ml-50ml 0mg,0mg,DRBLUESLUSH50MAXVG-50ml 0mg,3
Award Winning Eco Vape Milfsmilk V2 Flavour MAX VG 50ml-60ml 3mg inc PG Nicshot,0mg,MILFSMILKMAXVG50ML-60ml 3mg inc PG Nicshot,3
Eco Vape Premium Apple & Mango V2 Flavour-3mg,3mg,PRPGAP3,3
Eco Vape Premium Blackcurrant Menthol V2 Flavour-6mg,6mg,PRPGBM6,3
Eco Vape Premium Pink Lemonade V2 Flavour-18mg,18mg,PRPGPI18,3
Eco Vape Premium Spearmint V2 Flavour-18mg,18mg,PRPGSP18,3
Eco Vape Banana Milkshake V2 Flavour MAX VG 50ml-60ml 3mg inc VG Nicshot,0mg,BANMILKV2MAXVG50ML-60ml 3mg inc VG Nicshot,2
Dainty's Apple & Mango Flavour MAX VG 50ml-60ml 3mg inc PG Nicshot,0mg,DAPGAM60PG3,2
Dainty's Apple 10ml-6mg,6mg,DAPGAP06,2
Dainty's Apple 10ml-18mg,18mg,DAPGAP18,2
Dainty's Apple Pie Flavours MAX VG 50ml-60ml 3mg inc PG Nicshot,0mg,DAPGAP60PG3,2
Dainty's Blueberry Blackcurrant Menthol Flavour MAX VG 50ml-60ml 3mg inc PG Nicshot,0mg,DAPGBBM60PG3,2
Dainty's Black Jack 10ml-18mg,18mg,DAPGBJ18,2
Dainty's Bubblegum 10ml-12mg,12mg,DAPGBU12,2
Dainty's Cherry Menthol Flavour MAX VG 50ml-60ml 3mg inc PG Nicshot,0mg,DAPGCM60PG3,2
Dainty's Cola Cube 10ml-6mg,6mg,DAPGCU06,2
Dainty's Fresh Orange 10ml-3mg,3mg,DAPGFO03,2
R Dainty's Premium Fruit Salad 10ml-18mg,18mg,DAPGFS18,2
R Dainty's Premium Grape & Blackcurrant 10ml-6mg,6mg,DAPGGB06,2
Dainty's Premium Grape & Blackcurrant 50/50 80ML-100ml 3.6mg inc VG Nicshot,0mg,DAPGGB10036VG,2
R Dainty's Premium Irish Cream 10ml-3mg,3mg,DAPGIC03,2
R Dainty's Premium Ice Mint 10ml-6mg,6mg,DAPGIM06,2
Dainty's Jelly Babies 10ml-12mg,12mg,DAPGJB12,2
Dainty's Premium Menthol 50/50 80ML-90ml 2mg inc VG Nicshot,0mg,DAPGMT902VG,2
Dainty's Premium Red Air 50/50 80ML-100ml 3.6mg inc PG Nicshot,0mg,DAPGRA10036PG,2
Dainty's Premium Red Air 50/50 80ML-110ml 4.9mg inc VG Nicshot,0mg,DAPGRA11049VG,2
Dainty's Raspberry 10ml-12mg,12mg,DAPGRS12,2
Dainty's Premium RY4 Caramel Vanilla Tobacco 50/50 80ML-90ml 2mg inc PG Nicshot,0mg,DAPGRY902PG,2
Dainty's Strawberry Cheesecake 10ml-6mg,6mg,DAPGSC06,2
Dainty's Special Menthol 10ml-0mg,0mg,DAPGSM00,2
Dainty's Apple Pie Flavours MAX VG 50ml-60ml 3mg inc VG Nicshot,0mg,DAVGAP60VG3,2
Dainty's Apple Pie Flavours MAX VG 50ml-50ml 0mg,0mg,DAVGAPG00,2
Dainty's Blueberry Blackcurrant Menthol Flavour MAX VG 50ml-50ml 0mg,0mg,DAVGBBM00,2
Dainty's Heizenberg Flavour MAX VG 50ml-50ml 0mg,0mg,DAVGHE00,2
Dainty's Strawberry Cheesecake Flavour MAX VG 50ml-50ml 0mg,0mg,DAVGSC00,2
Dainty's Strawberry Cheesecake Flavour MAX VG 50ml-60ml 3mg inc PG Nicshot,0mg,DAVGSC60PG3,2
Dripping Range Blue Slush MAX VG 50ml-60ml 3mg inc PG Nicshot,0mg,DRBLUESLUSH50MAXVG-60ml 3mg inc PG Nicshot,2
Dripping Range Blue Slush MAX VG 50ml-60ml 3mg inc VG Nicshot,0mg,DRBLUESLUSH50MAXVG-60ml 3mg inc VG Nicshot,2
Dripping Range Unicorn Blood Flavour 50/50-6mg,6mg,DRUNICORN5050-6mg,2
Dripping Range Red Stars Flavour MAX VG 50ml-60ml 3mg inc PG Nicshot,0mg,DRVGRSPG3,2
Dripping Range Vampire Astaire Flavour MAX VG 50ml-50ml 0mg,0mg,DRVGVA0,2
Award Winning Eco Vape Strawberry Milkshake V2 Flavour MAX VG 50ml-60ml 3mg inc VG Nicshot,0mg,EVSTRAWMILKMAXVG50ML-60ml 3mg inc VG Nicshot,2
Aspire Zelos 50W 2.0 Kit-Blue,,HWKIASZEBLU2,2
Eco Vape Milfman V2 Milkshake Flavour MAX VG 50ml-60ml 3mg inc PG Nicshot,0mg,MILFMANMAXVG50ML-60ml 3mg inc PG Nicshot,2
Dainty's Nic Salts Tobacco 10ml-6mg,6mg,NSDAPGTO06,2
Eco Vape Premium Forest Fruits V2 Flavour-6mg,6mg,PRPGFO6,2
Eco Vape Premium Rhubarb & Custard Flavour-12mg,12mg,PRPGRH12,2
Psycho Bunny Blue Retro Flavour MAX VG 50ML -50ml 0mg,0mg,PSVGBL0,2
Psycho Bunny Blue Retro Flavour MAX VG 50ML -60ml 3mg inc VG Nicshot,0mg,PSVGBL3VG,2
Psycho Bunny Kush Cake Flavour MAX VG 50ML -50ml 0mg,0mg,PSVGKC0,2
Psycho Bunny Melonade Flavour MAX VG 50ML-60ml 3mg inc PG Nicshot,0mg,PSVGME3PG,2
Psycho Bunny Prism Flavour MAX VG 50ML-60ml 3mg inc VG Nicshot,0mg,PSVGPR3VG,2
Psycho Bunny Twister 50ml -60ml 3mg inc PG Nicshot,0mg,PSVGTW3PG,2
Psycho Bunny Twister 50ml -60ml 3mg inc VG Nicshot,0mg,PSVGTW3VG,2
Eco Vape Banana Milkshake V2 Flavour MAX VG 50ml-60ml 3mg inc PG Nicshot,0mg,BANMILKV2MAXVG50ML-60ml 3mg inc PG Nicshot,1
R Dainty's Premium Apple & Mango 10ml-0mg,0mg,DAPGAM00,1
R Dainty's Premium Apple Pie 10ml-6mg,6mg,DAPGAPI06,1
R Dainty's Premium Blueberry 10ml-3mg,3mg,DAPGBB03,1
R Dainty's Premium Blueberry 10ml-18mg,18mg,DAPGBB18,1
Dainty's Premium Blueberry Blackcurrant Menthol 50/50 80ML-110ml 4.9mg inc VG Nicshot,0mg,DAPGBBM11049VG,1
Dainty's Banana Cake Flavour MAX VG 50ml-60ml 3mg inc PG Nicshot,0mg,DAPGBC60PG3,1
Dainty's Black Jack 10ml-3mg,3mg,DAPGBJ03,1
Dainty's Black Jack 10ml-12mg,12mg,DAPGBJ12,1
R Dainty's Premium Blackcurrant 10ml-6mg,6mg,DAPGBL06,1
Dainty's Bubblegum 10ml-6mg,6mg,DAPGBU06,1
R Dainty's Premium Cola 10ml-0mg,0mg,DAPGC00,1
R Dainty's Premium Cherry Cola 10ml-6mg,6mg,DAPGCC06,1
R Dainty's Premium Cherry Cola 10ml-18mg,18mg,DAPGCC18,1
R Dainty's Premium Cherry 10ml-6mg,6mg,DAPGCH06,1
Dainty's Cookie 10ml-18mg,18mg,DAPGCK18,1
R Dainty's Premium Coffee 10ml-18mg,18mg,DAPGCO18,1
Dainty's Cola Cube 10ml-12mg,12mg,DAPGCU12,1
Dainty's Premium Foam Banana 50/50 80ML-100ml 3.6mg inc VG Nicshot,0mg,DAPGFB10036VG,1
Dainty's Premium Foam Banana 50/50 80ML-90ml 2mg inc PG Nicshot,0mg,DAPGFB902PG,1
Dainty's Fresh Orange 10ml-18mg,18mg,DAPGFO18,1
Dainty's Premium Grape & Blackcurrant 50/50 80ML-100ml 3.6mg inc PG Nicshot,0mg,DAPGGB10036PG,1
Dainty's Premium Grape & Blackcurrant 50/50 80ML-110ml 4.9mg inc PG Nicshot,0mg,DAPGGB11049PG,1
R Dainty's Premium Grape & Blackcurrant 10ml-12mg,12mg,DAPGGB12,1
R Dainty's Premium Grape & Blackcurrant 10ml-18mg,18mg,DAPGGB18,1
Dainty's Premium Grape & Blackcurrant 50/50 80ML-90ml 2mg inc VG Nicshot,0mg,DAPGGB902VG,1
Dainty's Grapefruit 10ml-0mg,0mg,DAPGGF00,1
Dainty's Heisenberg 10ml-0mg,0mg,DAPGHB00,1
Dainty's Premium Heizenberg 50/50 80ML-90ml 2mg inc PG Nicshot,0mg,DAPGHB902PG,1
R Dainty's Premium Iron Brew 10ml-6mg,6mg,DAPGIB06,1
Dainty's Premium Ice Mint 50/50 80ML-110ml 4.9mg inc VG Nicshot,0mg,DAPGIM11049VG,1
Dainty's Premium Ice Mint 50/50 80ML-90ml 2mg inc VG Nicshot,0mg,DAPGIM902VG,1
R Dainty's Premium Key Lime Pie 10ml-6mg,6mg,DAPGKP06,1
R Dainty's Premium Mint Chocolate 10ml-12mg,12mg,DAPGMC12,1
R Dainty's Premium Melon 10ml-0mg,0mg,DAPGME00,1
Dainty's Premium Menthol 50/50 80ML-100ml 3.6mg inc PG Nicshot,0mg,DAPGMT10036PG,1
Dainty's Premium Menthol 50/50 80ML-110ml 4.9mg inc VG Nicshot,0mg,DAPGMT11049VG,1
R Dainty's Premium Orange 10ml-6mg,6mg,DAPGOR06,1
R Dainty's Premium Pineapple 10ml-6mg,6mg,DAPGPI06,1
R Dainty's Premium Pineapple 10ml-12mg,12mg,DAPGPI12,1
R Dainty's Premium Peppermint 10ml-0mg,0mg,DAPGPM00,1
R Dainty's Premium Red Air 10ml-18mg,18mg,DAPGRA18,1
Dainty's Raspberry 10ml-0mg,0mg,DAPGRS00,1
Dainty's Raspberry 10ml-18mg,18mg,DAPGRS18,1
R Dainty's Premium RY4 Tobacco 10ml-0mg,0mg,DAPGRY00,1
Dainty's Premium RY4 Caramel Vanilla Tobacco 50/50 80ML-110ml 4.9mg inc VG Nicshot,0mg,DAPGRY11049VG,1
Dainty's Strawberry Cheesecake 10ml-18mg,18mg,DAPGSC18,1
Dainty's Special Menthol 10ml-12mg,12mg,DAPGSM12,1
R Dainty's Premium Strawberry 10ml-0mg,0mg,DAPGST00,1
R Dainty's Premium Tutti Fruity 10ml-0mg,0mg,DAPGTF00,1
R Dainty's Premium Tutti Fruity 10ml-6mg,6mg,DAPGTF06,1
R Dainty's Premium Tutti Fruity 10ml-18mg,18mg,DAPGTF18,1
R Dainty's Premium Vanilla Ice Cream 10ml-3mg,3mg,DAPGVBI03,1
Dainty's Blueberry Blackcurrant Menthol Flavour MAX VG 50ml-60ml 3mg inc VG Nicshot,0mg,DAVGBBM60VG3,1
Dainty's Banana Cake Flavour MAX VG 50ml-50ml 0mg,0mg,DAVGBC00,1
Dainty's Strawberry Cheesecake Flavour MAX VG 50ml-60ml 3mg inc VG Nicshot,0mg,DAVGSC60VG3,1
Dainty's Special Menthol Flavours MAX VG 50ml-60ml 3mg inc VG Nicshot,0mg,DAVGSM60VG3,1
Dripping Range Blueberg Flavour 50/50-6mg,6mg,DRBLUEBERG5050-6mg,1
Dripping Range Dragon Blood Flavour 50/50-12mg,12mg,DRDRAGBLOOD5050-12mg,1
Dripping Range Blueberg MAX VG 50ml-60ml 3mg inc VG Nicshot,0mg,DRPGBL60PG3,1
Dripping Range Pinkberg Flavour 50/50-3mg,3mg,DRPINKBERG5050-3mg,1
Dripping Range Pinkberg Flavour 50/50-6mg,6mg,DRPINKBERG5050-6mg,1
Dripping Range Unicorn Blood Flavour 50/50-12mg,12mg,DRUNICORN5050-12mg,1
Dripping Range Blue Custard MAX VG 50ml-60ml 3mg inc VG Nicshot,0mg,DRVGBC60VG3,1
Dripping Range Blueberg MAX VG 50ml-60ml 3mg inc PG Nicshot,0mg,DRVGBL0,1
Dripping Range Blackcurrant Lime Soda MAX VG 50ml-50ml 0mg,0mg,DRVGBLS0,1
Dripping Range Rainbow Sherbert Ice Cream MAX VG 50ml-60ml 3mg inc VG Nicshot,0mg,DRVGRSVG03,1
Dripping Range Strawberry Mix Up Flavour MAX VG 50ml-60ml 3mg inc PG Nicshot,0mg,DRVGSMPG3,1
Dripping Range Strawberry Mix Up Flavour MAX VG 50ml-60ml 3mg inc VG Nicshot,0mg,DRVGSMVG3,1
Famovape Fat Baby Mesh Coils-Famovape Fat Baby Mesh M15 Coils (0.15Ω),0mg,HWCOFVFBM15,1
Vaptio Solo F2 Coil-Vaptio Solo (Pack of 5) F2 X2 Coil (0.25Ω),0mg,HWCOVAF2X2,1
Vaptio Frogman Coils (PACK OF 5)-W8 (0.15Ω),0mg,HWCOVAFR2,1
Canna Cotton,,HWDIYCANACOT,1
Aspire Zelos 50W 2.0 Kit-Grey,,HWKIASZEGRY2,1
Rincoe Ceto-Rainbow,,HWKIRICERNW,1
Suorin Air Complete Starter Kit-Gold,,HWKISUAIRGLD,1
Vaptio Solo F2 AIO-Grey,,HWKIVAF2GRY,1
VooPoo Drag 2 177w Kit-Aura,,HWKIVODR2AU,1
Druga Foxy Mod Gunmetal,,HWMODRFOGU,1
Vapor Storm Puma Mod-Black,,HWMOVSPUPB,1
Vaptio Paragon C2 Kit-purple,,HWVAPAPUR,1
Eco Vape Milfman V2 Milkshake Flavour MAX VG 50ml-50ml 0mg,0mg,MILFMANMAXVG50ML-50ml 0mg,1
Dainty's Nic Salts Blueberry and Blackcurrant Menthol 10ml-12mg,12mg,NSDAPGBBM12,1
Dainty's Nic Salts Ice Mint 10ml-12mg,12mg,NSDAPGIM12,1
Dainty's Nic Salts RY4 10ml-12mg,12mg,NSDAPGRY12,1
Dainty's Nic Salts Special Menthol 10ml-12mg,12mg,NSDAPGSM12,1
Vaptio P2 Starter Kit -White,,P11KIT-White,1
Eco Vape Premium Candyfloss V2 Flavour-12mg,12mg,PRPGCF12,1
Eco Vape Premium Candyfloss V2 Flavour-6mg,6mg,PRPGCF6,1
Eco Vape Premium Forest Fruits V2 Flavour-3mg,3mg,PRPGFO3,1
Eco Vape Premium Ice Mint Flavour-6mg,6mg,PRPGIC6,1
Eco Vape Premium Menthol Flavour-12mg,12mg,PRPGMT12,1
Eco Vape Premium Rhubarb & Custard Flavour-6mg,6mg,PRPGRH6,1
Eco Vape Premium Spearmint V2 Flavour-6mg,6mg,PRPGSP6,1
Eco Vape Premium Strawberry & Watermelon V2 Flavour-3mg,3mg,PRPGSW3,1
Eco Vape Premium Tutti Fruity V2 Flavour-12mg,12mg,PRPGTU12,1
Psycho Bunny Serial Flavour MAX VG 50ML -50ml 0mg,0mg,PSVGCE0,1
Psycho Bunny Custard Appeal Flavour MAX VG 50ML-60ml 3mg inc PG Nicshot,0mg,PSVGCU3PG,1
Psycho Bunny Custard Appeal Flavour MAX VG 50ML-60ml 3mg inc VG Nicshot,0mg,PSVGCU3VG,1
Psycho Bunny Grapegasm Flavour MAX VG 50ML -50ml 0mg,0mg,PSVGGR0,1
Psycho Bunny Melonade Flavour MAX VG 50ML-60ml 3mg inc VG Nicshot,0mg,PSVGME3VG,1
Psycho Bunny O.J Flavour MAX VG 50ML -60ml 3mg inc VG Nicshot,0mg,PSVGOJ3VG,1
Vaptio Solo 2 Starter Kit-Silver,,SOLO2KIT-Silver,1
